user_prompt,output,timestamp
Qual a melhor epoca do ano para plantar melancia?,"A melhor época para plantar melancia depende do clima e da região em que você está localizado. No geral, as melancias são uma cultura tropical e subtropical, portanto, elas requerem temperaturas elevadas e umidade para crescer bem.

No hemisfério norte, a melhor época para plantar melancia é no final da primavera ou no início do verão, quando as temperaturas diurnas estão acima de 20°C (68°F) e as noites estão acima de 15°C (59°F). Isso geralmente ocorre em maio ou junho.

No hemisfério sul, a melhor época para plantar melancia é no verão ou no outono, quando as temperaturas diurnas estão acima de 25°C (77°F) e as noites estão acima de 18°C (64°F). Isso geralmente ocorre em janeiro ou fevereiro.

É importante notar que as melancias são uma cultura sensível ao frio, portanto, é importante evitar plantá-las em áreas com temperaturas abaixo de 10°C (50°F) ou com risco de geadas.

Além disso, é importante considerar a duração do ciclo de crescimento da melancia, que pode variar de 60 a 120 dias, dependendo da variedade e do clima. Portanto, é importante planejar a plantação com antecedência para que as melancias estejam maduras no momento certo.

Em resumo, a melhor época para plantar melancia é no final da primavera ou no início do verão no hemisfério norte, e no verão ou no outono no hemisfério sul, quando as temperaturas são favoráveis e há umidade suficiente.",2025-02-19 20:11:41.507880
